{
  "uuid": "058a6bc9-4ea6-4953-93ed-f2207c7b4b67",
  "lastMigration": 32,
  "name": "Order",
  "endpointPrefix": "",
  "latency": 0,
  "port": 3000,
  "hostname": "",
  "folders": [],
  "routes": [
    {
      "uuid": "1e6e9f55-e5a9-4a82-9fae-7edac9b3ec6f",
      "type": "http",
      "documentation": "",
      "method": "post",
      "endpoint": "api/user/list",
      "responses": [
        {
          "uuid": "12e57746-6a56-4d89-bfe8-96ace3db7adc",
          "body": "[\r\n        {\r\n            \"department\": \"行銷部\",\r\n            \"work_id\": \"MKT-0019\",\r\n            \"name\": \"張三\",\r\n            \"auth\": 2,\r\n            \"status\": 0\r\n        },\r\n        {\r\n            \"department\": \"財務部\",\r\n            \"work_id\": \"FIN-1239\",\r\n            \"name\": \"李四\",\r\n            \"auth\": 2,\r\n            \"status\": 1\r\n        },\r\n        {\r\n            \"department\": \"人力資源部\",\r\n            \"work_id\": \"HR-4568\",\r\n            \"name\": \"王五\",\r\n            \"auth\": 3,\r\n            \"status\": 1\r\n        },\r\n        {\r\n            \"department\": \"行銷部\",\r\n            \"work_id\": \"MKT-0017\",\r\n            \"name\": \"張三\",\r\n            \"auth\": 2,\r\n            \"status\": 0\r\n        },\r\n        {\r\n            \"department\": \"財務部\",\r\n            \"work_id\": \"FIN-1236\",\r\n            \"name\": \"李四\",\r\n            \"auth\": 2,\r\n            \"status\": 1\r\n        },\r\n        {\r\n            \"department\": \"行銷部\",\r\n            \"work_id\": \"MKT-0015\",\r\n            \"name\": \"張三\",\r\n            \"auth\": 2,\r\n            \"status\": 0\r\n        },\r\n        {\r\n            \"department\": \"財務部\",\r\n            \"work_id\": \"FIN-1234\",\r\n            \"name\": \"李四\",\r\n            \"auth\": 2,\r\n            \"status\": 1\r\n        },\r\n        {\r\n            \"department\": \"行銷部\",\r\n            \"work_id\": \"MKT-0013\",\r\n            \"name\": \"張三\",\r\n            \"auth\": 2,\r\n            \"status\": 0\r\n        },\r\n        {\r\n            \"department\": \"財務部\",\r\n            \"work_id\": \"FIN-1232\",\r\n            \"name\": \"李四\",\r\n            \"auth\": 2,\r\n            \"status\": 1\r\n        },\r\n        {\r\n            \"department\": \"行銷部\",\r\n            \"work_id\": \"MKT-0011\",\r\n            \"name\": \"張三\",\r\n            \"auth\": 2,\r\n            \"status\": 0\r\n        }\r\n]\r\n\r\n",
          "latency": 0,
          "statusCode": 200,
          "label": "",
          "headers": [],
          "bodyType": "INLINE",
          "filePath": "",
          "databucketID": "",
          "sendFileAsBody": false,
          "rules": [],
          "rulesOperator": "OR",
          "disableTemplating": false,
          "fallbackTo404": false,
          "default": false,
          "crudKey": "id",
          "callbacks": []
        },
        {
          "uuid": "7c03a8bd-e6b1-482c-a9e2-c54f2aefcf45",
          "body": "{\"message\": \"Query somethings error\"}",
          "latency": 0,
          "statusCode": 401,
          "label": "Query somethings error",
          "headers": [],
          "bodyType": "INLINE",
          "filePath": "",
          "databucketID": "",
          "sendFileAsBody": false,
          "rules": [],
          "rulesOperator": "OR",
          "disableTemplating": false,
          "fallbackTo404": false,
          "default": true,
          "crudKey": "id",
          "callbacks": []
        },
        {
          "uuid": "228ad38f-11b2-46be-84a2-573b8d64172b",
          "body": "{\"message\": \"Auth is error\"}",
          "latency": 0,
          "statusCode": 402,
          "label": "Auth is error",
          "headers": [],
          "bodyType": "INLINE",
          "filePath": "",
          "databucketID": "",
          "sendFileAsBody": false,
          "rules": [],
          "rulesOperator": "OR",
          "disableTemplating": false,
          "fallbackTo404": false,
          "default": false,
          "crudKey": "id",
          "callbacks": []
        }
      ],
      "responseMode": null
    },
    {
      "uuid": "238615b6-a105-4378-b1a1-a00481b2dd93",
      "type": "http",
      "documentation": "",
      "method": "post",
      "endpoint": "api/user/register",
      "responses": [
        {
          "uuid": "f2084c60-19d9-4fc3-a80e-6e07e1e6e24a",
          "body": "{\"message\": \"User registered successfully\"}",
          "latency": 0,
          "statusCode": 200,
          "label": "User registered successfully",
          "headers": [],
          "bodyType": "INLINE",
          "filePath": "",
          "databucketID": "",
          "sendFileAsBody": false,
          "rules": [],
          "rulesOperator": "OR",
          "disableTemplating": false,
          "fallbackTo404": false,
          "default": true,
          "crudKey": "id",
          "callbacks": []
        },
        {
          "uuid": "dd8a066c-590e-4a86-ae0a-29d5b355657f",
          "body": "{\"message\": \"Query somethings error\"}",
          "latency": 0,
          "statusCode": 401,
          "label": "Query somethings error",
          "headers": [],
          "bodyType": "INLINE",
          "filePath": "",
          "databucketID": "",
          "sendFileAsBody": false,
          "rules": [],
          "rulesOperator": "OR",
          "disableTemplating": false,
          "fallbackTo404": false,
          "default": false,
          "crudKey": "id",
          "callbacks": []
        },
        {
          "uuid": "a686dc82-3748-4a27-afb5-991392545562",
          "body": "{\"message\": \"Duplicate work ID\"}",
          "latency": 0,
          "statusCode": 402,
          "label": "Duplicate work ID",
          "headers": [],
          "bodyType": "INLINE",
          "filePath": "",
          "databucketID": "",
          "sendFileAsBody": false,
          "rules": [],
          "rulesOperator": "OR",
          "disableTemplating": false,
          "fallbackTo404": false,
          "default": false,
          "crudKey": "id",
          "callbacks": []
        },
        {
          "uuid": "3dcfec49-835b-43a0-a92e-e003319cd313",
          "body": "{\"message\": \"Auth is error\"}",
          "latency": 0,
          "statusCode": 403,
          "label": "Auth is error",
          "headers": [],
          "bodyType": "INLINE",
          "filePath": "",
          "databucketID": "",
          "sendFileAsBody": false,
          "rules": [],
          "rulesOperator": "OR",
          "disableTemplating": false,
          "fallbackTo404": false,
          "default": false,
          "crudKey": "id",
          "callbacks": []
        }
      ],
      "responseMode": null
    },
    {
      "uuid": "e79de7e7-6cd0-42c7-a20c-0aa19bc9d2b9",
      "type": "http",
      "documentation": "",
      "method": "post",
      "endpoint": "api/user/status",
      "responses": [
        {
          "uuid": "1cf67ca2-d127-477d-8701-1d844f856251",
          "body": "{\"message\": \"Change Success\"}",
          "latency": 0,
          "statusCode": 200,
          "label": "",
          "headers": [],
          "bodyType": "INLINE",
          "filePath": "",
          "databucketID": "",
          "sendFileAsBody": false,
          "rules": [],
          "rulesOperator": "OR",
          "disableTemplating": false,
          "fallbackTo404": false,
          "default": true,
          "crudKey": "id",
          "callbacks": []
        },
        {
          "uuid": "f42483bb-e223-4023-91d8-6c6c5e43c3ed",
          "body": "{\"message\": \"Query somethings error\"}",
          "latency": 0,
          "statusCode": 401,
          "label": "Query somethings error",
          "headers": [],
          "bodyType": "INLINE",
          "filePath": "",
          "databucketID": "",
          "sendFileAsBody": false,
          "rules": [],
          "rulesOperator": "OR",
          "disableTemplating": false,
          "fallbackTo404": false,
          "default": false,
          "crudKey": "id",
          "callbacks": []
        },
        {
          "uuid": "afcfd68d-30e7-4111-9ab1-020cd22d7171",
          "body": "{\"message\": \"Auth is error\"}",
          "latency": 0,
          "statusCode": 402,
          "label": "Auth is error",
          "headers": [],
          "bodyType": "INLINE",
          "filePath": "",
          "databucketID": "",
          "sendFileAsBody": false,
          "rules": [],
          "rulesOperator": "OR",
          "disableTemplating": false,
          "fallbackTo404": false,
          "default": false,
          "crudKey": "id",
          "callbacks": []
        }
      ],
      "responseMode": null
    },
    {
      "uuid": "215dfef8-c242-43aa-8646-ddbeca677383",
      "type": "http",
      "documentation": "",
      "method": "post",
      "endpoint": "api/user/pwd/reset",
      "responses": [
        {
          "uuid": "3a2c7029-af83-4c20-9aae-8cba5417f107",
          "body": "{\"message\": \"Change Success\"}",
          "latency": 0,
          "statusCode": 200,
          "label": "",
          "headers": [],
          "bodyType": "INLINE",
          "filePath": "",
          "databucketID": "",
          "sendFileAsBody": false,
          "rules": [],
          "rulesOperator": "OR",
          "disableTemplating": false,
          "fallbackTo404": false,
          "default": true,
          "crudKey": "id",
          "callbacks": []
        },
        {
          "uuid": "66b3359e-b5ef-41f0-bd46-99826129b611",
          "body": "{\"message\": \"Query somethings error\"}",
          "latency": 0,
          "statusCode": 401,
          "label": "Query somethings error",
          "headers": [],
          "bodyType": "INLINE",
          "filePath": "",
          "databucketID": "",
          "sendFileAsBody": false,
          "rules": [],
          "rulesOperator": "OR",
          "disableTemplating": false,
          "fallbackTo404": false,
          "default": false,
          "crudKey": "id",
          "callbacks": []
        },
        {
          "uuid": "2e623874-dea0-4f91-9e66-4d68e8f60038",
          "body": "{\"message\": \"Auth is error\"}",
          "latency": 0,
          "statusCode": 402,
          "label": "Auth is error",
          "headers": [],
          "bodyType": "INLINE",
          "filePath": "",
          "databucketID": "",
          "sendFileAsBody": false,
          "rules": [],
          "rulesOperator": "OR",
          "disableTemplating": false,
          "fallbackTo404": false,
          "default": false,
          "crudKey": "id",
          "callbacks": []
        }
      ],
      "responseMode": null
    },
    {
      "uuid": "40e4c085-0d91-4fb3-892a-b456b6dd87df",
      "type": "http",
      "documentation": "",
      "method": "get",
      "endpoint": "api/area/list",
      "responses": [
        {
          "uuid": "03c2d7ba-8587-4ea5-8149-a00f991de8ef",
          "body": "[\r\n    {\r\n        \"id\": 1,\r\n        \"name\": \"工廠A\",\r\n        \"child\": [\r\n            {\r\n                \"id\": 101,\r\n                \"name\": \"點A1\"\r\n            },\r\n            {\r\n                \"id\": 102,\r\n                \"name\": \"點A2\"\r\n            }\r\n        ]\r\n    },\r\n    {\r\n        \"id\": 2,\r\n        \"name\": \"工廠A\",\r\n        \"child\": [\r\n            {\r\n                \"id\": 101,\r\n                \"name\": \"點A1\"\r\n            },\r\n            {\r\n                \"id\": 102,\r\n                \"name\": \"點A2\"\r\n            }\r\n        ]\r\n    },\r\n    {\r\n        \"id\": 3,\r\n        \"name\": \"工廠A\",\r\n        \"child\": [\r\n            {\r\n                \"id\": 101,\r\n                \"name\": \"點A1\"\r\n            },\r\n            {\r\n                \"id\": 102,\r\n                \"name\": \"點A2\"\r\n            }\r\n        ]\r\n    },\r\n    {\r\n        \"id\": 4,\r\n        \"name\": \"工廠A\",\r\n        \"child\": [\r\n            {\r\n                \"id\": 101,\r\n                \"name\": \"點A1\"\r\n            },\r\n            {\r\n                \"id\": 102,\r\n                \"name\": \"點A2\"\r\n            }\r\n        ]\r\n    },\r\n    {\r\n        \"id\": 5,\r\n        \"name\": \"工廠A\",\r\n        \"child\": [\r\n            {\r\n                \"id\": 101,\r\n                \"name\": \"點A1\"\r\n            },\r\n            {\r\n                \"id\": 102,\r\n                \"name\": \"點A2\"\r\n            }\r\n        ]\r\n    },\r\n    {\r\n        \"id\": 5,\r\n        \"name\": \"工廠A\",\r\n        \"child\": [\r\n            {\r\n                \"id\": 101,\r\n                \"name\": \"點A1\"\r\n            },\r\n            {\r\n                \"id\": 102,\r\n                \"name\": \"點A2\"\r\n            }\r\n        ]\r\n    },\r\n    {\r\n        \"id\": 5,\r\n        \"name\": \"工廠A\",\r\n        \"child\": [\r\n            {\r\n                \"id\": 101,\r\n                \"name\": \"點A1\"\r\n            },\r\n            {\r\n                \"id\": 102,\r\n                \"name\": \"點A2\"\r\n            }\r\n        ]\r\n    },\r\n    {\r\n        \"id\": 5,\r\n        \"name\": \"工廠A\",\r\n        \"child\": [\r\n            {\r\n                \"id\": 101,\r\n                \"name\": \"點A1\"\r\n            },\r\n            {\r\n                \"id\": 102,\r\n                \"name\": \"點A2\"\r\n            }\r\n        ]\r\n    },\r\n    {\r\n        \"id\": 5,\r\n        \"name\": \"工廠A\",\r\n        \"child\": [\r\n            {\r\n                \"id\": 101,\r\n                \"name\": \"點A1\"\r\n            },\r\n            {\r\n                \"id\": 102,\r\n                \"name\": \"點A2\"\r\n            }\r\n        ]\r\n    },\r\n    {\r\n        \"id\": 5,\r\n        \"name\": \"工廠A\",\r\n        \"child\": [\r\n            {\r\n                \"id\": 101,\r\n                \"name\": \"點A1\"\r\n            },\r\n            {\r\n                \"id\": 102,\r\n                \"name\": \"點A2\"\r\n            }\r\n        ]\r\n    },\r\n    {\r\n        \"id\": 5,\r\n        \"name\": \"工廠A\",\r\n        \"child\": [\r\n            {\r\n                \"id\": 101,\r\n                \"name\": \"點A1\"\r\n            },\r\n            {\r\n                \"id\": 102,\r\n                \"name\": \"點A2\"\r\n            }\r\n        ]\r\n    }\r\n]\r\n",
          "latency": 0,
          "statusCode": 200,
          "label": "",
          "headers": [],
          "bodyType": "INLINE",
          "filePath": "",
          "databucketID": "",
          "sendFileAsBody": false,
          "rules": [],
          "rulesOperator": "OR",
          "disableTemplating": false,
          "fallbackTo404": false,
          "default": true,
          "crudKey": "id",
          "callbacks": []
        },
        {
          "uuid": "53c5c91f-8227-4b65-bf67-ee09bab8c226",
          "body": "{\"message\": \"Query somethings error\"}",
          "latency": 0,
          "statusCode": 200,
          "label": "Query somethings error",
          "headers": [],
          "bodyType": "INLINE",
          "filePath": "",
          "databucketID": "",
          "sendFileAsBody": false,
          "rules": [],
          "rulesOperator": "OR",
          "disableTemplating": false,
          "fallbackTo404": false,
          "default": false,
          "crudKey": "id",
          "callbacks": []
        }
      ],
      "responseMode": null
    },
    {
      "uuid": "3685fb9d-f6d8-4983-9632-4b871f0fba63",
      "type": "http",
      "documentation": "",
      "method": "post",
      "endpoint": "api/area/create/factory",
      "responses": [
        {
          "uuid": "07aa7343-9ecb-4d01-a133-c1925a50484e",
          "body": "{\"message\": \"Create Success\"}",
          "latency": 0,
          "statusCode": 200,
          "label": "Create Success",
          "headers": [],
          "bodyType": "INLINE",
          "filePath": "",
          "databucketID": "",
          "sendFileAsBody": false,
          "rules": [],
          "rulesOperator": "OR",
          "disableTemplating": false,
          "fallbackTo404": false,
          "default": true,
          "crudKey": "id",
          "callbacks": []
        },
        {
          "uuid": "975b1d86-9e79-4c9c-8ab3-0a3fd5a75587",
          "body": "{\"message\": \"Query somethings error\"}",
          "latency": 0,
          "statusCode": 401,
          "label": "Query somethings error",
          "headers": [],
          "bodyType": "INLINE",
          "filePath": "",
          "databucketID": "",
          "sendFileAsBody": false,
          "rules": [],
          "rulesOperator": "OR",
          "disableTemplating": false,
          "fallbackTo404": false,
          "default": false,
          "crudKey": "id",
          "callbacks": []
        },
        {
          "uuid": "6da52e2f-1e08-4eaf-99ba-d87824e81217",
          "body": "{\"message\": \"Auth is error\"}",
          "latency": 0,
          "statusCode": 402,
          "label": "Auth is error",
          "headers": [],
          "bodyType": "INLINE",
          "filePath": "",
          "databucketID": "",
          "sendFileAsBody": false,
          "rules": [],
          "rulesOperator": "OR",
          "disableTemplating": false,
          "fallbackTo404": false,
          "default": false,
          "crudKey": "id",
          "callbacks": []
        },
        {
          "uuid": "9c93bbba-b2ac-409f-b7a2-b6f9434ca142",
          "body": "{\"message\": \"Duplicate Name\"}",
          "latency": 0,
          "statusCode": 403,
          "label": "Duplicate Name",
          "headers": [],
          "bodyType": "INLINE",
          "filePath": "",
          "databucketID": "",
          "sendFileAsBody": false,
          "rules": [],
          "rulesOperator": "OR",
          "disableTemplating": false,
          "fallbackTo404": false,
          "default": false,
          "crudKey": "id",
          "callbacks": []
        }
      ],
      "responseMode": null
    },
    {
      "uuid": "6f0deeb7-7bc3-474d-b5f2-4f1d132efc45",
      "type": "http",
      "documentation": "",
      "method": "get",
      "endpoint": "api/meal/list",
      "responses": [
        {
          "uuid": "025b6bb5-1ea2-421d-91c0-cbd7fe6d0546",
          "body": "[\r\n    {\r\n        \"type\": {\r\n            \"t_id\": 1,\r\n            \"name\": \"早餐\"\r\n        },\r\n        \"price\": [\r\n            {\r\n                \"p_id\": 1,\r\n                \"price\": 100\r\n            },\r\n            {\r\n                \"p_id\": 2,\r\n                \"price\": 150\r\n            }\r\n        ]\r\n    },\r\n    {\r\n        \"type\": {\r\n            \"t_id\": 2,\r\n            \"name\": \"早餐2\"\r\n        },\r\n        \"price\": [\r\n            {\r\n                \"p_id\": 3,\r\n                \"price\": 100\r\n            },\r\n            {\r\n                \"p_id\": 4,\r\n                \"price\": 150\r\n            }\r\n        ]\r\n    },\r\n    {\r\n        \"type\": {\r\n            \"t_id\": 2,\r\n            \"name\": \"早餐3\"\r\n        },\r\n        \"price\": [\r\n            {\r\n                \"p_id\": 3,\r\n                \"price\": 100\r\n            },\r\n            {\r\n                \"p_id\": 4,\r\n                \"price\": 150\r\n            }\r\n        ]\r\n    }\r\n]\r\n",
          "latency": 0,
          "statusCode": 200,
          "label": "",
          "headers": [],
          "bodyType": "INLINE",
          "filePath": "",
          "databucketID": "",
          "sendFileAsBody": false,
          "rules": [],
          "rulesOperator": "OR",
          "disableTemplating": false,
          "fallbackTo404": false,
          "default": true,
          "crudKey": "id",
          "callbacks": []
        },
        {
          "uuid": "f50d9369-a4d7-4f58-a6ac-6bb7146068fe",
          "body": "{\"message\": \"Query somethings error\"}",
          "latency": 0,
          "statusCode": 200,
          "label": "Query somethings error",
          "headers": [],
          "bodyType": "INLINE",
          "filePath": "",
          "databucketID": "",
          "sendFileAsBody": false,
          "rules": [],
          "rulesOperator": "OR",
          "disableTemplating": false,
          "fallbackTo404": false,
          "default": false,
          "crudKey": "id",
          "callbacks": []
        }
      ],
      "responseMode": null
    },
    {
      "uuid": "e78507fa-b359-4a9a-907e-30e371b9daf2",
      "type": "http",
      "documentation": "",
      "method": "post",
      "endpoint": "api/meal/create/type",
      "responses": [
        {
          "uuid": "23486a67-7c05-44e3-b805-1f417775efc9",
          "body": "{\"message\": \"Create Success\"}",
          "latency": 0,
          "statusCode": 200,
          "label": "Create Success",
          "headers": [],
          "bodyType": "INLINE",
          "filePath": "",
          "databucketID": "",
          "sendFileAsBody": false,
          "rules": [],
          "rulesOperator": "OR",
          "disableTemplating": false,
          "fallbackTo404": false,
          "default": true,
          "crudKey": "id",
          "callbacks": []
        },
        {
          "uuid": "6388fbab-b347-4843-9926-e52ccdab557c",
          "body": "{\"message\": \"Query somethings error\"}",
          "latency": 0,
          "statusCode": 401,
          "label": "Query somethings error",
          "headers": [],
          "bodyType": "INLINE",
          "filePath": "",
          "databucketID": "",
          "sendFileAsBody": false,
          "rules": [],
          "rulesOperator": "OR",
          "disableTemplating": false,
          "fallbackTo404": false,
          "default": false,
          "crudKey": "id",
          "callbacks": []
        },
        {
          "uuid": "894e8c70-a06e-4f9f-8d2b-ba313072fa4d",
          "body": "{\"message\": \"Auth is error\"}",
          "latency": 0,
          "statusCode": 402,
          "label": "Auth is error",
          "headers": [],
          "bodyType": "INLINE",
          "filePath": "",
          "databucketID": "",
          "sendFileAsBody": false,
          "rules": [],
          "rulesOperator": "OR",
          "disableTemplating": false,
          "fallbackTo404": false,
          "default": false,
          "crudKey": "id",
          "callbacks": []
        },
        {
          "uuid": "18140407-61e1-4a38-b7d4-d5160e85960c",
          "body": "{\"message\": \"Duplicate Name\"}",
          "latency": 0,
          "statusCode": 403,
          "label": "Duplicate Name",
          "headers": [],
          "bodyType": "INLINE",
          "filePath": "",
          "databucketID": "",
          "sendFileAsBody": false,
          "rules": [],
          "rulesOperator": "OR",
          "disableTemplating": false,
          "fallbackTo404": false,
          "default": false,
          "crudKey": "id",
          "callbacks": []
        }
      ],
      "responseMode": null
    },
    {
      "uuid": "efd3cff9-19cc-4186-b888-face315d7160",
      "type": "http",
      "documentation": "",
      "method": "post",
      "endpoint": "api/meal/create/price",
      "responses": [
        {
          "uuid": "31b4539e-f0d7-4fa5-9a4d-9563be9200a9",
          "body": "{\"message\": \"Create Success\"}",
          "latency": 0,
          "statusCode": 200,
          "label": "Create Success",
          "headers": [],
          "bodyType": "INLINE",
          "filePath": "",
          "databucketID": "",
          "sendFileAsBody": false,
          "rules": [],
          "rulesOperator": "OR",
          "disableTemplating": false,
          "fallbackTo404": false,
          "default": true,
          "crudKey": "id",
          "callbacks": []
        },
        {
          "uuid": "ad2808ed-d174-4e19-8e3e-85de8d10625d",
          "body": "{\"message\": \"Query somethings error\"}",
          "latency": 0,
          "statusCode": 401,
          "label": "Query somethings error",
          "headers": [],
          "bodyType": "INLINE",
          "filePath": "",
          "databucketID": "",
          "sendFileAsBody": false,
          "rules": [],
          "rulesOperator": "OR",
          "disableTemplating": false,
          "fallbackTo404": false,
          "default": false,
          "crudKey": "id",
          "callbacks": []
        },
        {
          "uuid": "a25d687c-6b30-4932-8f3a-ebc8e7078125",
          "body": "{\"message\": \"Auth is error\"}",
          "latency": 0,
          "statusCode": 402,
          "label": "Auth is error",
          "headers": [],
          "bodyType": "INLINE",
          "filePath": "",
          "databucketID": "",
          "sendFileAsBody": false,
          "rules": [],
          "rulesOperator": "OR",
          "disableTemplating": false,
          "fallbackTo404": false,
          "default": false,
          "crudKey": "id",
          "callbacks": []
        },
        {
          "uuid": "69f2cc1e-49fd-451a-ba8e-7ca61f18f68a",
          "body": "{\"message\": \"Duplicate Price\"}",
          "latency": 0,
          "statusCode": 403,
          "label": "Duplicate Name",
          "headers": [],
          "bodyType": "INLINE",
          "filePath": "",
          "databucketID": "",
          "sendFileAsBody": false,
          "rules": [],
          "rulesOperator": "OR",
          "disableTemplating": false,
          "fallbackTo404": false,
          "default": false,
          "crudKey": "id",
          "callbacks": []
        }
      ],
      "responseMode": null
    },
    {
      "uuid": "72e557a1-9ea9-4a41-bf78-77bd016b8174",
      "type": "http",
      "documentation": "",
      "method": "delete",
      "endpoint": "api/meal/delete/type/:id",
      "responses": [
        {
          "uuid": "e4271fd2-e5ff-4765-adb2-5f23c932c96a",
          "body": "{\"message\": \"Delete Success\"}",
          "latency": 0,
          "statusCode": 200,
          "label": "Create Success",
          "headers": [],
          "bodyType": "INLINE",
          "filePath": "",
          "databucketID": "",
          "sendFileAsBody": false,
          "rules": [],
          "rulesOperator": "OR",
          "disableTemplating": false,
          "fallbackTo404": false,
          "default": true,
          "crudKey": "id",
          "callbacks": []
        },
        {
          "uuid": "0793592c-d0b2-46e1-922a-823ec55793c5",
          "body": "{\"message\": \"Query somethings error\"}",
          "latency": 0,
          "statusCode": 401,
          "label": "Query somethings error",
          "headers": [],
          "bodyType": "INLINE",
          "filePath": "",
          "databucketID": "",
          "sendFileAsBody": false,
          "rules": [],
          "rulesOperator": "OR",
          "disableTemplating": false,
          "fallbackTo404": false,
          "default": false,
          "crudKey": "id",
          "callbacks": []
        },
        {
          "uuid": "59e2b2b8-a2a5-4df4-adf0-3f7fb09e7466",
          "body": "{\"message\": \"Auth is error\"}",
          "latency": 0,
          "statusCode": 402,
          "label": "Auth is error",
          "headers": [],
          "bodyType": "INLINE",
          "filePath": "",
          "databucketID": "",
          "sendFileAsBody": false,
          "rules": [],
          "rulesOperator": "OR",
          "disableTemplating": false,
          "fallbackTo404": false,
          "default": false,
          "crudKey": "id",
          "callbacks": []
        },
        {
          "uuid": "17995ac8-6c01-4b4a-a535-ede271ebf6f2",
          "body": "{\"message\": \"Have Child Price\"}",
          "latency": 0,
          "statusCode": 403,
          "label": "Duplicate Name",
          "headers": [],
          "bodyType": "INLINE",
          "filePath": "",
          "databucketID": "",
          "sendFileAsBody": false,
          "rules": [],
          "rulesOperator": "OR",
          "disableTemplating": false,
          "fallbackTo404": false,
          "default": false,
          "crudKey": "id",
          "callbacks": []
        }
      ],
      "responseMode": null
    },
    {
      "uuid": "4b5dd4f9-3e16-4b33-b42c-e45b6de61cc9",
      "type": "http",
      "documentation": "",
      "method": "delete",
      "endpoint": "api/meal/delete/price/:id",
      "responses": [
        {
          "uuid": "91e02462-c85a-4957-a8c0-1ec96f5c8818",
          "body": "{\"message\": \"Delete Success\"}",
          "latency": 0,
          "statusCode": 200,
          "label": "Create Success",
          "headers": [],
          "bodyType": "INLINE",
          "filePath": "",
          "databucketID": "",
          "sendFileAsBody": false,
          "rules": [],
          "rulesOperator": "OR",
          "disableTemplating": false,
          "fallbackTo404": false,
          "default": true,
          "crudKey": "id",
          "callbacks": []
        },
        {
          "uuid": "1eca8274-e75a-4408-b959-4f3b783eeff3",
          "body": "{\"message\": \"Query somethings error\"}",
          "latency": 0,
          "statusCode": 401,
          "label": "Query somethings error",
          "headers": [],
          "bodyType": "INLINE",
          "filePath": "",
          "databucketID": "",
          "sendFileAsBody": false,
          "rules": [],
          "rulesOperator": "OR",
          "disableTemplating": false,
          "fallbackTo404": false,
          "default": false,
          "crudKey": "id",
          "callbacks": []
        },
        {
          "uuid": "98e489a8-45e1-4dcd-989d-cff35eae140c",
          "body": "{\"message\": \"Auth is error\"}",
          "latency": 0,
          "statusCode": 402,
          "label": "Auth is error",
          "headers": [],
          "bodyType": "INLINE",
          "filePath": "",
          "databucketID": "",
          "sendFileAsBody": false,
          "rules": [],
          "rulesOperator": "OR",
          "disableTemplating": false,
          "fallbackTo404": false,
          "default": false,
          "crudKey": "id",
          "callbacks": []
        }
      ],
      "responseMode": null
    },
    {
      "uuid": "06cc1eb9-11a2-4f3e-bdf8-19ede4a58491",
      "type": "http",
      "documentation": "",
      "method": "post",
      "endpoint": "api/order/list",
      "responses": [
        {
          "uuid": "c1c5dcf4-0bd2-479d-8106-d1d6f9484119",
          "body": "[\r\n    {\r\n        \"id\": 1,\r\n        \"factory\": 1,\r\n        \"point\": 1,\r\n        \"work_id\": \"ABC001\",\r\n        \"date_start\": \"2023-01-01\",\r\n        \"date_end\": \"2023-01-02\",\r\n        \"status\": \"locked\"\r\n    },\r\n    {\r\n        \"id\": 2,\r\n        \"factory\": 2,\r\n        \"point\": 2,\r\n        \"work_id\": \"ABC002\",\r\n        \"date_start\": \"2023-01-01\",\r\n        \"date_end\": \"2023-01-02\",\r\n        \"status\": \"locked\"\r\n    },\r\n    {\r\n        \"id\": 2,\r\n        \"factory\": 2,\r\n        \"point\": 2,\r\n        \"work_id\": \"ABC002\",\r\n        \"date_start\": \"2023-01-01\",\r\n        \"date_end\": \"2023-01-02\",\r\n        \"status\": \"locked\"\r\n    },\r\n    {\r\n        \"id\": 2,\r\n        \"factory\": 2,\r\n        \"point\": 2,\r\n        \"work_id\": \"ABC002\",\r\n        \"date_start\": \"2023-01-01\",\r\n        \"date_end\": \"2023-01-02\",\r\n        \"status\": \"locked\"\r\n    },\r\n    {\r\n        \"id\": 2,\r\n        \"factory\": 2,\r\n        \"point\": 2,\r\n        \"work_id\": \"ABC002\",\r\n        \"date_start\": \"2023-01-01\",\r\n        \"date_end\": \"2023-01-02\",\r\n        \"status\": \"locked\"\r\n    },\r\n    {\r\n        \"id\": 2,\r\n        \"factory\": 2,\r\n        \"point\": 2,\r\n        \"work_id\": \"ABC002\",\r\n        \"date_start\": \"2023-01-01\",\r\n        \"date_end\": \"2023-01-02\",\r\n        \"status\": \"locked\"\r\n    },\r\n    {\r\n        \"id\": 2,\r\n        \"factory\": 2,\r\n        \"point\": 2,\r\n        \"work_id\": \"ABC002\",\r\n        \"date_start\": \"2023-01-01\",\r\n        \"date_end\": \"2023-01-02\",\r\n        \"status\": \"locked\"\r\n    },\r\n    {\r\n        \"id\": 2,\r\n        \"factory\": 2,\r\n        \"point\": 2,\r\n        \"work_id\": \"ABC002\",\r\n        \"date_start\": \"2023-01-01\",\r\n        \"date_end\": \"2023-01-02\",\r\n        \"status\": \"locked\"\r\n    },\r\n    {\r\n        \"id\": 2,\r\n        \"factory\": 2,\r\n        \"point\": 2,\r\n        \"work_id\": \"ABC002\",\r\n        \"date_start\": \"2023-01-01\",\r\n        \"date_end\": \"2023-01-02\",\r\n        \"status\": \"locked\"\r\n    },\r\n    {\r\n        \"id\": 2,\r\n        \"factory\": 2,\r\n        \"point\": 2,\r\n        \"work_id\": \"ABC002\",\r\n        \"date_start\": \"2023-01-01\",\r\n        \"date_end\": \"2023-01-02\",\r\n        \"status\": \"locked\"\r\n    },\r\n    {\r\n        \"id\": 2,\r\n        \"factory\": 2,\r\n        \"point\": 2,\r\n        \"work_id\": \"ABC002\",\r\n        \"date_start\": \"2023-01-01\",\r\n        \"date_end\": \"2023-01-02\",\r\n        \"status\": \"locked\"\r\n    },\r\n    {\r\n        \"id\": 2,\r\n        \"factory\": 2,\r\n        \"point\": 2,\r\n        \"work_id\": \"ABC002\",\r\n        \"date_start\": \"2023-01-01\",\r\n        \"date_end\": \"2023-01-02\",\r\n        \"status\": \"locked\"\r\n    },  \r\n    {\r\n        \"id\": 2,\r\n        \"factory\": 2,\r\n        \"point\": 2,\r\n        \"work_id\": \"ABC002\",\r\n        \"date_start\": \"2023-01-01\",\r\n        \"date_end\": \"2023-01-02\",\r\n        \"status\": \"locked\"\r\n    }\r\n]\r\n",
          "latency": 0,
          "statusCode": 200,
          "label": "order list",
          "headers": [],
          "bodyType": "INLINE",
          "filePath": "",
          "databucketID": "",
          "sendFileAsBody": false,
          "rules": [],
          "rulesOperator": "OR",
          "disableTemplating": false,
          "fallbackTo404": false,
          "default": true,
          "crudKey": "id",
          "callbacks": []
        },
        {
          "uuid": "85796d08-1eaf-42f4-8462-a84bfbc1cf44",
          "body": "{\"message\": \"Query somethings error\"}",
          "latency": 0,
          "statusCode": 401,
          "label": "Query somethings error",
          "headers": [],
          "bodyType": "INLINE",
          "filePath": "",
          "databucketID": "",
          "sendFileAsBody": false,
          "rules": [],
          "rulesOperator": "OR",
          "disableTemplating": false,
          "fallbackTo404": false,
          "default": false,
          "crudKey": "id",
          "callbacks": []
        }
      ],
      "responseMode": null
    },
    {
      "uuid": "2f00047e-fc0d-4a8a-9737-9b0c3702f3fb",
      "type": "http",
      "documentation": "",
      "method": "post",
      "endpoint": "api/order/create",
      "responses": [
        {
          "uuid": "4fbcacb8-8a54-4778-80d6-d0fc2b44c0d9",
          "body": "{\"message\": \"Create Success\"}",
          "latency": 0,
          "statusCode": 200,
          "label": "Create Success",
          "headers": [],
          "bodyType": "INLINE",
          "filePath": "",
          "databucketID": "",
          "sendFileAsBody": false,
          "rules": [],
          "rulesOperator": "OR",
          "disableTemplating": false,
          "fallbackTo404": false,
          "default": true,
          "crudKey": "id",
          "callbacks": []
        },
        {
          "uuid": "b69c0426-c337-422d-b3db-953def22893e",
          "body": "{\"message\": \"Query somethings error\"}",
          "latency": 0,
          "statusCode": 401,
          "label": "Query somethings error",
          "headers": [],
          "bodyType": "INLINE",
          "filePath": "",
          "databucketID": "",
          "sendFileAsBody": false,
          "rules": [],
          "rulesOperator": "OR",
          "disableTemplating": false,
          "fallbackTo404": false,
          "default": false,
          "crudKey": "id",
          "callbacks": []
        },
        {
          "uuid": "679f4c02-6353-4b40-b184-fb44acfa840f",
          "body": "{\"message\": \"Auth is error\"}",
          "latency": 0,
          "statusCode": 402,
          "label": "Auth is error",
          "headers": [],
          "bodyType": "INLINE",
          "filePath": "",
          "databucketID": "",
          "sendFileAsBody": false,
          "rules": [],
          "rulesOperator": "OR",
          "disableTemplating": false,
          "fallbackTo404": false,
          "default": false,
          "crudKey": "id",
          "callbacks": []
        },
        {
          "uuid": "f24fd7b4-9740-40dd-8639-5ec0b416048f",
          "body": "{\"message\": \"Meal list is empty or wrong meal type or price\"}",
          "latency": 0,
          "statusCode": 403,
          "label": "Duplicate Name",
          "headers": [],
          "bodyType": "INLINE",
          "filePath": "",
          "databucketID": "",
          "sendFileAsBody": false,
          "rules": [],
          "rulesOperator": "OR",
          "disableTemplating": false,
          "fallbackTo404": false,
          "default": false,
          "crudKey": "id",
          "callbacks": []
        },
        {
          "uuid": "d1dd3c70-2016-47a5-8a8c-ccfb6dd7c1af",
          "body": "{\"message\": \"Order is Lock\"}",
          "latency": 0,
          "statusCode": 404,
          "label": "Order is Lock",
          "headers": [],
          "bodyType": "INLINE",
          "filePath": "",
          "databucketID": "",
          "sendFileAsBody": false,
          "rules": [],
          "rulesOperator": "OR",
          "disableTemplating": false,
          "fallbackTo404": false,
          "default": false,
          "crudKey": "id",
          "callbacks": []
        },
        {
          "uuid": "fb7939f2-1580-4e91-b1ce-93b2f671a1e9",
          "body": "{\"message\":\"Duplicate order\"}",
          "latency": 0,
          "statusCode": 405,
          "label": "Duplicate order",
          "headers": [],
          "bodyType": "INLINE",
          "filePath": "",
          "databucketID": "",
          "sendFileAsBody": false,
          "rules": [],
          "rulesOperator": "OR",
          "disableTemplating": false,
          "fallbackTo404": false,
          "default": false,
          "crudKey": "id",
          "callbacks": []
        }
      ],
      "responseMode": null
    },
    {
      "uuid": "16289679-a2b1-4e8e-9e02-8342e1288327",
      "type": "http",
      "documentation": "",
      "method": "delete",
      "endpoint": "api/order/cancel/:id",
      "responses": [
        {
          "uuid": "03afe493-7b35-49f0-8ccc-ee90234d3e76",
          "body": "{\"message\": \"Delete Success\"}",
          "latency": 0,
          "statusCode": 200,
          "label": "Create Success",
          "headers": [],
          "bodyType": "INLINE",
          "filePath": "",
          "databucketID": "",
          "sendFileAsBody": false,
          "rules": [],
          "rulesOperator": "OR",
          "disableTemplating": false,
          "fallbackTo404": false,
          "default": true,
          "crudKey": "id",
          "callbacks": []
        },
        {
          "uuid": "a4788259-4b4c-44a6-ba34-3132d7eb82c3",
          "body": "{\"message\": \"Query somethings error\"}",
          "latency": 0,
          "statusCode": 401,
          "label": "Query somethings error",
          "headers": [],
          "bodyType": "INLINE",
          "filePath": "",
          "databucketID": "",
          "sendFileAsBody": false,
          "rules": [],
          "rulesOperator": "OR",
          "disableTemplating": false,
          "fallbackTo404": false,
          "default": false,
          "crudKey": "id",
          "callbacks": []
        },
        {
          "uuid": "ade6b217-8b44-4dd2-ae3c-10fe1ae8504e",
          "body": "{\"message\": \"Auth is error\"}",
          "latency": 0,
          "statusCode": 402,
          "label": "Auth is error",
          "headers": [],
          "bodyType": "INLINE",
          "filePath": "",
          "databucketID": "",
          "sendFileAsBody": false,
          "rules": [],
          "rulesOperator": "OR",
          "disableTemplating": false,
          "fallbackTo404": false,
          "default": false,
          "crudKey": "id",
          "callbacks": []
        },
        {
          "uuid": "03dd7e32-0f96-4525-8270-3be6bf4b3879",
          "body": "{\"message\": \"Order completed\"}",
          "latency": 0,
          "statusCode": 403,
          "label": "Order completed",
          "headers": [],
          "bodyType": "INLINE",
          "filePath": "",
          "databucketID": "",
          "sendFileAsBody": false,
          "rules": [],
          "rulesOperator": "OR",
          "disableTemplating": false,
          "fallbackTo404": false,
          "default": false,
          "crudKey": "id",
          "callbacks": []
        },
        {
          "uuid": "d1068713-eaea-4f14-bb97-c218435bb116",
          "body": "{\"message\":\"Order is not exist\"}",
          "latency": 0,
          "statusCode": 404,
          "label": "Order is not exist",
          "headers": [],
          "bodyType": "INLINE",
          "filePath": "",
          "databucketID": "",
          "sendFileAsBody": false,
          "rules": [],
          "rulesOperator": "OR",
          "disableTemplating": false,
          "fallbackTo404": false,
          "default": false,
          "crudKey": "id",
          "callbacks": []
        }
      ],
      "responseMode": null
    },
    {
      "uuid": "14414cb9-c7cc-48a3-b461-e5c4adde19b9",
      "type": "http",
      "documentation": "",
      "method": "post",
      "endpoint": "api/order/export",
      "responses": [
        {
          "uuid": "663c899c-a77c-472c-b0d6-c89ea7468032",
          "body": "[\r\n    {\r\n        \"id\": 1,\r\n        \"factory\": 1,\r\n        \"point\": 1,\r\n        \"work_id\": \"ABC001\",\r\n        \"date_start\": \"2023-01-01\",\r\n        \"date_end\": \"2023-01-02\",\r\n        \"status\": \"locked\"\r\n    },\r\n    {\r\n        \"id\": 2,\r\n        \"factory\": 2,\r\n        \"point\": 2,\r\n        \"work_id\": \"ABC002\",\r\n        \"date_start\": \"2023-01-01\",\r\n        \"date_end\": \"2023-01-02\",\r\n        \"status\": \"locked\"\r\n    },\r\n    {\r\n        \"id\": 3,\r\n        \"factory\": 2,\r\n        \"point\": 2,\r\n        \"work_id\": \"ABC002\",\r\n        \"date_start\": \"2023-01-01\",\r\n        \"date_end\": \"2023-01-02\",\r\n        \"status\": \"locked\"\r\n    },\r\n    {\r\n        \"id\": 4,\r\n        \"factory\": 2,\r\n        \"point\": 2,\r\n        \"work_id\": \"ABC002\",\r\n        \"date_start\": \"2023-01-01\",\r\n        \"date_end\": \"2023-01-02\",\r\n        \"status\": \"locked\"\r\n    },\r\n    {\r\n        \"id\": 5,\r\n        \"factory\": 2,\r\n        \"point\": 2,\r\n        \"work_id\": \"ABC002\",\r\n        \"date_start\": \"2023-01-01\",\r\n        \"date_end\": \"2023-01-02\",\r\n        \"status\": \"locked\"\r\n    },\r\n    {\r\n        \"id\": 6,\r\n        \"factory\": 2,\r\n        \"point\": 2,\r\n        \"work_id\": \"ABC002\",\r\n        \"date_start\": \"2023-01-01\",\r\n        \"date_end\": \"2023-01-02\",\r\n        \"status\": \"locked\"\r\n    },\r\n    {\r\n        \"id\": 7,\r\n        \"factory\": 2,\r\n        \"point\": 2,\r\n        \"work_id\": \"ABC002\",\r\n        \"date_start\": \"2023-01-01\",\r\n        \"date_end\": \"2023-01-02\",\r\n        \"status\": \"locked\"\r\n    },\r\n    {\r\n        \"id\": 8,\r\n        \"factory\": 2,\r\n        \"point\": 2,\r\n        \"work_id\": \"ABC002\",\r\n        \"date_start\": \"2023-01-01\",\r\n        \"date_end\": \"2023-01-02\",\r\n        \"status\": \"locked\"\r\n    },\r\n    {\r\n        \"id\": 9,\r\n        \"factory\": 2,\r\n        \"point\": 2,\r\n        \"work_id\": \"ABC002\",\r\n        \"date_start\": \"2023-01-01\",\r\n        \"date_end\": \"2023-01-02\",\r\n        \"status\": \"locked\"\r\n    },\r\n    {\r\n        \"id\": 10,\r\n        \"factory\": 2,\r\n        \"point\": 2,\r\n        \"work_id\": \"ABC002\",\r\n        \"date_start\": \"2023-01-01\",\r\n        \"date_end\": \"2023-01-02\",\r\n        \"status\": \"locked\"\r\n    },\r\n    {\r\n        \"id\": 11,\r\n        \"factory\": 2,\r\n        \"point\": 2,\r\n        \"work_id\": \"ABC002\",\r\n        \"date_start\": \"2023-01-01\",\r\n        \"date_end\": \"2023-01-02\",\r\n        \"status\": \"locked\"\r\n    },\r\n    {\r\n        \"id\": 12,\r\n        \"factory\": 2,\r\n        \"point\": 2,\r\n        \"work_id\": \"ABC002\",\r\n        \"date_start\": \"2023-01-01\",\r\n        \"date_end\": \"2023-01-02\",\r\n        \"status\": \"locked\"\r\n    },\r\n    {\r\n        \"id\": 13,\r\n        \"factory\": 12,\r\n        \"point\": 2,\r\n        \"work_id\": \"ABC002\",\r\n        \"date_start\": \"2023-01-01\",\r\n        \"date_end\": \"2023-01-02\",\r\n        \"status\": \"locked\"\r\n    }\r\n]\r\n",
          "latency": 0,
          "statusCode": 200,
          "label": "order list export",
          "headers": [],
          "bodyType": "INLINE",
          "filePath": "",
          "databucketID": "",
          "sendFileAsBody": false,
          "rules": [],
          "rulesOperator": "OR",
          "disableTemplating": false,
          "fallbackTo404": false,
          "default": true,
          "crudKey": "id",
          "callbacks": []
        },
        {
          "uuid": "f420949b-9049-4675-8cf3-94971124183a",
          "body": "{\"message\": \"Query somethings error\"}",
          "latency": 0,
          "statusCode": 401,
          "label": "Query somethings error",
          "headers": [],
          "bodyType": "INLINE",
          "filePath": "",
          "databucketID": "",
          "sendFileAsBody": false,
          "rules": [],
          "rulesOperator": "OR",
          "disableTemplating": false,
          "fallbackTo404": false,
          "default": false,
          "crudKey": "id",
          "callbacks": []
        },
        {
          "uuid": "7163a838-300d-4256-83a5-7066eb829603",
          "body": "{\"message\":\"Auth is error\"}",
          "latency": 0,
          "statusCode": 402,
          "label": "Auth is error",
          "headers": [],
          "bodyType": "INLINE",
          "filePath": "",
          "databucketID": "",
          "sendFileAsBody": false,
          "rules": [],
          "rulesOperator": "OR",
          "disableTemplating": false,
          "fallbackTo404": false,
          "default": false,
          "crudKey": "id",
          "callbacks": []
        }
      ],
      "responseMode": null
    },
    {
      "uuid": "97dc98dc-dabc-4022-ad51-d0d0b460714d",
      "type": "http",
      "documentation": "",
      "method": "get",
      "endpoint": "api/lock/list",
      "responses": [
        {
          "uuid": "4cc51894-b134-4d57-99c4-b49b8172c279",
          "body": "[\r\n    {\r\n        \"area\": 1,\r\n        \"type\": 1,\r\n        \"status\": \"locked\"\r\n    },\r\n    {\r\n        \"area\": 121,\r\n        \"type\": 221,\r\n        \"status\": \"locked\"\r\n    },\r\n    {\r\n        \"area\": 3,\r\n        \"type\": 121,\r\n        \"status\": \"unlocked\"\r\n    },\r\n    {\r\n        \"area\": 3,\r\n        \"type\": 121,\r\n        \"status\": \"unlocked\"\r\n    },\r\n    {\r\n        \"area\": 3,\r\n        \"type\": 121,\r\n        \"status\": \"unlocked\"\r\n    },\r\n    {\r\n        \"area\": 3,\r\n        \"type\": 121,\r\n        \"status\": \"unlocked\"\r\n    },\r\n    {\r\n        \"area\": 3,\r\n        \"type\": 121,\r\n        \"status\": \"unlocked\"\r\n    },\r\n    {\r\n        \"area\": 3,\r\n        \"type\": 121,\r\n        \"status\": \"unlocked\"\r\n    },\r\n    {\r\n        \"area\": 3,\r\n        \"type\": 121,\r\n        \"status\": \"unlocked\"\r\n    },\r\n    {\r\n        \"area\": 3,\r\n        \"type\": 121,\r\n        \"status\": \"unlocked\"\r\n    },\r\n    {\r\n        \"area\": 3,\r\n        \"type\": 121,\r\n        \"status\": \"unlocked\"\r\n    }\r\n]\r\n",
          "latency": 0,
          "statusCode": 200,
          "label": "lock list",
          "headers": [],
          "bodyType": "INLINE",
          "filePath": "",
          "databucketID": "",
          "sendFileAsBody": false,
          "rules": [],
          "rulesOperator": "OR",
          "disableTemplating": false,
          "fallbackTo404": false,
          "default": true,
          "crudKey": "id",
          "callbacks": []
        },
        {
          "uuid": "c4de179e-3e3c-48bd-93d5-ff3a1b9ff7e1",
          "body": "{\"message\": \"Query somethings error\"}",
          "latency": 0,
          "statusCode": 401,
          "label": "Query somethings error",
          "headers": [],
          "bodyType": "INLINE",
          "filePath": "",
          "databucketID": "",
          "sendFileAsBody": false,
          "rules": [],
          "rulesOperator": "OR",
          "disableTemplating": false,
          "fallbackTo404": false,
          "default": false,
          "crudKey": "id",
          "callbacks": []
        },
        {
          "uuid": "7793c8ef-3c17-43b7-879c-a4e45f8348fb",
          "body": "{\"message\":\"Auth is error\"}",
          "latency": 0,
          "statusCode": 402,
          "label": "Auth is error",
          "headers": [],
          "bodyType": "INLINE",
          "filePath": "",
          "databucketID": "",
          "sendFileAsBody": false,
          "rules": [],
          "rulesOperator": "OR",
          "disableTemplating": false,
          "fallbackTo404": false,
          "default": false,
          "crudKey": "id",
          "callbacks": []
        }
      ],
      "responseMode": null
    },
    {
      "uuid": "68d1866b-a9f4-4683-8b07-eb0a627171fc",
      "type": "http",
      "documentation": "",
      "method": "post",
      "endpoint": "api/lock/set",
      "responses": [
        {
          "uuid": "20685b30-1902-4cbb-83a5-b1f7c1632ce7",
          "body": "{\"message\":\"Lock Success\"}",
          "latency": 0,
          "statusCode": 200,
          "label": "lock list",
          "headers": [],
          "bodyType": "INLINE",
          "filePath": "",
          "databucketID": "",
          "sendFileAsBody": false,
          "rules": [],
          "rulesOperator": "OR",
          "disableTemplating": false,
          "fallbackTo404": false,
          "default": true,
          "crudKey": "id",
          "callbacks": []
        },
        {
          "uuid": "ad52fcf2-f00d-48c0-82b9-2a2d681553a9",
          "body": "{\"message\": \"Query somethings error\"}",
          "latency": 0,
          "statusCode": 401,
          "label": "Query somethings error",
          "headers": [],
          "bodyType": "INLINE",
          "filePath": "",
          "databucketID": "",
          "sendFileAsBody": false,
          "rules": [],
          "rulesOperator": "OR",
          "disableTemplating": false,
          "fallbackTo404": false,
          "default": false,
          "crudKey": "id",
          "callbacks": []
        },
        {
          "uuid": "bac9aed5-2587-40e4-9834-0288360ccce0",
          "body": "{\"message\":\"Auth is error\"}",
          "latency": 0,
          "statusCode": 402,
          "label": "Auth is error",
          "headers": [],
          "bodyType": "INLINE",
          "filePath": "",
          "databucketID": "",
          "sendFileAsBody": false,
          "rules": [],
          "rulesOperator": "OR",
          "disableTemplating": false,
          "fallbackTo404": false,
          "default": false,
          "crudKey": "id",
          "callbacks": []
        },
        {
          "uuid": "03a0353e-fb20-4676-9297-644cf6091deb",
          "body": "{\"message\":\"Area is not exist\"}",
          "latency": 0,
          "statusCode": 403,
          "label": "Area is not exist",
          "headers": [],
          "bodyType": "INLINE",
          "filePath": "",
          "databucketID": "",
          "sendFileAsBody": false,
          "rules": [],
          "rulesOperator": "OR",
          "disableTemplating": false,
          "fallbackTo404": false,
          "default": false,
          "crudKey": "id",
          "callbacks": []
        }
      ],
      "responseMode": null
    },
    {
      "uuid": "012c6723-52f2-4e1e-9804-5d4d9c7b076d",
      "type": "http",
      "documentation": "",
      "method": "post",
      "endpoint": "api/lock/unset",
      "responses": [
        {
          "uuid": "926ffd36-40f1-4cec-8a5a-fb430ef50858",
          "body": "{\"message\":\"Unlock Success\"}",
          "latency": 0,
          "statusCode": 200,
          "label": "lock list",
          "headers": [],
          "bodyType": "INLINE",
          "filePath": "",
          "databucketID": "",
          "sendFileAsBody": false,
          "rules": [],
          "rulesOperator": "OR",
          "disableTemplating": false,
          "fallbackTo404": false,
          "default": true,
          "crudKey": "id",
          "callbacks": []
        },
        {
          "uuid": "f34a5fa0-9e90-4c82-bea6-de7fa89ffb75",
          "body": "{\"message\": \"Query somethings error\"}",
          "latency": 0,
          "statusCode": 401,
          "label": "Query somethings error",
          "headers": [],
          "bodyType": "INLINE",
          "filePath": "",
          "databucketID": "",
          "sendFileAsBody": false,
          "rules": [],
          "rulesOperator": "OR",
          "disableTemplating": false,
          "fallbackTo404": false,
          "default": false,
          "crudKey": "id",
          "callbacks": []
        },
        {
          "uuid": "6149a786-6fe0-4dc8-88a8-4236cdada8c3",
          "body": "{\"message\":\"Auth is error\"}",
          "latency": 0,
          "statusCode": 402,
          "label": "Auth is error",
          "headers": [],
          "bodyType": "INLINE",
          "filePath": "",
          "databucketID": "",
          "sendFileAsBody": false,
          "rules": [],
          "rulesOperator": "OR",
          "disableTemplating": false,
          "fallbackTo404": false,
          "default": false,
          "crudKey": "id",
          "callbacks": []
        },
        {
          "uuid": "b4c2e0b4-0b85-4cb6-a12e-857742f95ad2",
          "body": "{\"message\":\"Area is not exist\"}",
          "latency": 0,
          "statusCode": 403,
          "label": "Area is not exist",
          "headers": [],
          "bodyType": "INLINE",
          "filePath": "",
          "databucketID": "",
          "sendFileAsBody": false,
          "rules": [],
          "rulesOperator": "OR",
          "disableTemplating": false,
          "fallbackTo404": false,
          "default": false,
          "crudKey": "id",
          "callbacks": []
        }
      ],
      "responseMode": null
    },
    {
      "uuid": "50bdb2d5-0329-4e61-8af6-aa00f512f21b",
      "type": "http",
      "documentation": "",
      "method": "post",
      "endpoint": "api/user/login",
      "responses": [
        {
          "uuid": "45ae7d06-8e9c-480e-a608-32c5cae03453",
          "body": "{\r\n    \"user_name\": \"Stephen Curry\",\r\n    \"work_id\": \"ABC1234\",\r\n    \"auth\": 2,\r\n    \"token\": \"123456789\"\r\n}",
          "latency": 0,
          "statusCode": 200,
          "label": "Login success",
          "headers": [],
          "bodyType": "INLINE",
          "filePath": "",
          "databucketID": "",
          "sendFileAsBody": false,
          "rules": [],
          "rulesOperator": "OR",
          "disableTemplating": false,
          "fallbackTo404": false,
          "default": true,
          "crudKey": "id",
          "callbacks": []
        },
        {
          "uuid": "e6aaa5a6-555a-42eb-a8e1-707081698d52",
          "body": "{\"message\": \"Query somethings error\"}",
          "latency": 0,
          "statusCode": 401,
          "label": "Query somethings error",
          "headers": [],
          "bodyType": "INLINE",
          "filePath": "",
          "databucketID": "",
          "sendFileAsBody": false,
          "rules": [],
          "rulesOperator": "OR",
          "disableTemplating": false,
          "fallbackTo404": false,
          "default": false,
          "crudKey": "id",
          "callbacks": []
        },
        {
          "uuid": "98ca703b-3c13-4f09-808a-f3161c2d4dc5",
          "body": "{\"message\": \"Account is empty or disable\"}",
          "latency": 0,
          "statusCode": 402,
          "label": "Account is empty or disable",
          "headers": [],
          "bodyType": "INLINE",
          "filePath": "",
          "databucketID": "",
          "sendFileAsBody": false,
          "rules": [],
          "rulesOperator": "OR",
          "disableTemplating": false,
          "fallbackTo404": false,
          "default": false,
          "crudKey": "id",
          "callbacks": []
        },
        {
          "uuid": "4f10f469-aa94-4efa-87d6-e04b4af6817d",
          "body": "{\"message\": Password is wrong\"}",
          "latency": 0,
          "statusCode": 403,
          "label": "Auth is error",
          "headers": [],
          "bodyType": "INLINE",
          "filePath": "",
          "databucketID": "",
          "sendFileAsBody": false,
          "rules": [],
          "rulesOperator": "OR",
          "disableTemplating": false,
          "fallbackTo404": false,
          "default": false,
          "crudKey": "id",
          "callbacks": []
        }
      ],
      "responseMode": null
    },
    {
      "uuid": "4b67b537-bf18-400f-8a1d-41ad77720cd1",
      "type": "http",
      "documentation": "",
      "method": "get",
      "endpoint": "api/user/info",
      "responses": [
        {
          "uuid": "027592bd-5ea7-47d8-9895-1a020eddbfda",
          "body": "[\r\n        {\r\n            \"department\": \"行銷部\",\r\n            \"work_id\": \"MKT-0019\",\r\n            \"name\": \"張三\",\r\n            \"auth\": 2,\r\n            \"status\": 0\r\n        },\r\n        {\r\n            \"department\": \"財務部\",\r\n            \"work_id\": \"FIN-1239\",\r\n            \"name\": \"李四\",\r\n            \"auth\": 2,\r\n            \"status\": 1\r\n        },\r\n        {\r\n            \"department\": \"人力資源部\",\r\n            \"work_id\": \"HR-4568\",\r\n            \"name\": \"王五\",\r\n            \"auth\": 3,\r\n            \"status\": 1\r\n        },\r\n        {\r\n            \"department\": \"行銷部\",\r\n            \"work_id\": \"MKT-0017\",\r\n            \"name\": \"張三\",\r\n            \"auth\": 2,\r\n            \"status\": 0\r\n        },\r\n        {\r\n            \"department\": \"財務部\",\r\n            \"work_id\": \"FIN-1236\",\r\n            \"name\": \"李四\",\r\n            \"auth\": 2,\r\n            \"status\": 1\r\n        },\r\n        {\r\n            \"department\": \"行銷部\",\r\n            \"work_id\": \"MKT-0015\",\r\n            \"name\": \"張三\",\r\n            \"auth\": 2,\r\n            \"status\": 0\r\n        },\r\n        {\r\n            \"department\": \"財務部\",\r\n            \"work_id\": \"FIN-1234\",\r\n            \"name\": \"李四\",\r\n            \"auth\": 2,\r\n            \"status\": 1\r\n        },\r\n        {\r\n            \"department\": \"行銷部\",\r\n            \"work_id\": \"MKT-0013\",\r\n            \"name\": \"張三\",\r\n            \"auth\": 2,\r\n            \"status\": 0\r\n        },\r\n        {\r\n            \"department\": \"財務部\",\r\n            \"work_id\": \"FIN-1232\",\r\n            \"name\": \"李四\",\r\n            \"auth\": 2,\r\n            \"status\": 1\r\n        },\r\n        {\r\n            \"department\": \"行銷部\",\r\n            \"work_id\": \"MKT-0011\",\r\n            \"name\": \"張三\",\r\n            \"auth\": 2,\r\n            \"status\": 0\r\n        },\r\n        {\r\n            \"department\": \"行銷部\",\r\n            \"work_id\": \"MKT-0011\",\r\n            \"name\": \"張三\",\r\n            \"auth\": 2,\r\n            \"status\": 0\r\n        },\r\n        {\r\n            \"department\": \"行銷部\",\r\n            \"work_id\": \"MKT-0011\",\r\n            \"name\": \"張三\",\r\n            \"auth\": 2,\r\n            \"status\": 0\r\n        },\r\n        {\r\n            \"department\": \"行銷部\",\r\n            \"work_id\": \"MKT-0011\",\r\n            \"name\": \"張三\",\r\n            \"auth\": 2,\r\n            \"status\": 0\r\n        },\r\n        {\r\n            \"department\": \"行銷部\",\r\n            \"work_id\": \"MKT-0011\",\r\n            \"name\": \"張三\",\r\n            \"auth\": 2,\r\n            \"status\": 0\r\n        }\r\n]\r\n\r\n",
          "latency": 0,
          "statusCode": 200,
          "label": "Login success",
          "headers": [],
          "bodyType": "INLINE",
          "filePath": "",
          "databucketID": "",
          "sendFileAsBody": false,
          "rules": [],
          "rulesOperator": "OR",
          "disableTemplating": false,
          "fallbackTo404": false,
          "default": true,
          "crudKey": "id",
          "callbacks": []
        }
      ],
      "responseMode": null
    },
    {
      "uuid": "0d2162b4-001f-460e-adc7-c511539eb6b0",
      "type": "http",
      "documentation": "",
      "method": "post",
      "endpoint": "api/user/export",
      "responses": [
        {
          "uuid": "fcc4317f-21f8-43d0-90cc-377bb48d12c9",
          "body": "[\r\n    {\r\n        \"department\": \"行銷部\",\r\n        \"work_id\": \"MKT-0019\",\r\n        \"name\": \"張三\",\r\n        \"auth\": 2,\r\n        \"status\": 0\r\n    },\r\n    {\r\n        \"department\": \"財務部\",\r\n        \"work_id\": \"FIN-1239\",\r\n        \"name\": \"李四\",\r\n        \"auth\": 2,\r\n        \"status\": 1\r\n    },\r\n    {\r\n        \"department\": \"人力資源部\",\r\n        \"work_id\": \"HR-4568\",\r\n        \"name\": \"王五\",\r\n        \"auth\": 3,\r\n        \"status\": 1\r\n    },\r\n    {\r\n        \"department\": \"行銷部\",\r\n        \"work_id\": \"MKT-0017\",\r\n        \"name\": \"張三\",\r\n        \"auth\": 2,\r\n        \"status\": 0\r\n    },\r\n    {\r\n        \"department\": \"財務部\",\r\n        \"work_id\": \"FIN-1236\",\r\n        \"name\": \"李四\",\r\n        \"auth\": 2,\r\n        \"status\": 1\r\n    },\r\n    {\r\n        \"department\": \"行銷部\",\r\n        \"work_id\": \"MKT-0015\",\r\n        \"name\": \"張三\",\r\n        \"auth\": 2,\r\n        \"status\": 0\r\n    },\r\n    {\r\n        \"department\": \"財務部\",\r\n        \"work_id\": \"FIN-1234\",\r\n        \"name\": \"李四\",\r\n        \"auth\": 2,\r\n        \"status\": 1\r\n    },\r\n    {\r\n        \"department\": \"行銷部\",\r\n        \"work_id\": \"MKT-0013\",\r\n        \"name\": \"張三\",\r\n        \"auth\": 2,\r\n        \"status\": 0\r\n    },\r\n    {\r\n        \"department\": \"財務部\",\r\n        \"work_id\": \"FIN-1232\",\r\n        \"name\": \"李四\",\r\n        \"auth\": 2,\r\n        \"status\": 1\r\n    },\r\n    {\r\n        \"department\": \"行銷部\",\r\n        \"work_id\": \"MKT-0011\",\r\n        \"name\": \"張三\",\r\n        \"auth\": 2,\r\n        \"status\": 0\r\n    },\r\n    {\r\n        \"department\": \"行銷部\",\r\n        \"work_id\": \"MKT-0011\",\r\n        \"name\": \"張三\",\r\n        \"auth\": 2,\r\n        \"status\": 0\r\n    },\r\n    {\r\n        \"department\": \"行銷部\",\r\n        \"work_id\": \"MKT-0011\",\r\n        \"name\": \"張三\",\r\n        \"auth\": 2,\r\n        \"status\": 0\r\n    },\r\n    {\r\n        \"department\": \"行銷部\",\r\n        \"work_id\": \"MKT-0011\",\r\n        \"name\": \"張三\",\r\n        \"auth\": 2,\r\n        \"status\": 0\r\n    },\r\n    {\r\n        \"department\": \"行銷部\",\r\n        \"work_id\": \"MKT-0011\",\r\n        \"name\": \"張三\",\r\n        \"auth\": 112,\r\n        \"status\": 0\r\n    }\r\n]\r\n",
          "latency": 0,
          "statusCode": 200,
          "label": "",
          "headers": [],
          "bodyType": "INLINE",
          "filePath": "",
          "databucketID": "",
          "sendFileAsBody": false,
          "rules": [],
          "rulesOperator": "OR",
          "disableTemplating": false,
          "fallbackTo404": false,
          "default": true,
          "crudKey": "id",
          "callbacks": []
        },
        {
          "uuid": "02b0b067-fbf9-4ac7-a4f0-eba62e838399",
          "body": "{\"message\": \"Query somethings error\"}",
          "latency": 0,
          "statusCode": 401,
          "label": "Query somethings error",
          "headers": [],
          "bodyType": "INLINE",
          "filePath": "",
          "databucketID": "",
          "sendFileAsBody": false,
          "rules": [],
          "rulesOperator": "OR",
          "disableTemplating": false,
          "fallbackTo404": false,
          "default": false,
          "crudKey": "id",
          "callbacks": []
        },
        {
          "uuid": "3791add7-4fa3-4a39-b9b4-9e45e21b500f",
          "body": "{\"message\": \"Auth is error\"}",
          "latency": 0,
          "statusCode": 402,
          "label": "Auth is error",
          "headers": [],
          "bodyType": "INLINE",
          "filePath": "",
          "databucketID": "",
          "sendFileAsBody": false,
          "rules": [],
          "rulesOperator": "OR",
          "disableTemplating": false,
          "fallbackTo404": false,
          "default": false,
          "crudKey": "id",
          "callbacks": []
        }
      ],
      "responseMode": null
    },
    {
      "uuid": "640c1dc0-9f82-4b14-94c7-52a4f70abf14",
      "type": "http",
      "documentation": "",
      "method": "post",
      "endpoint": "api/user/pwd/change",
      "responses": [
        {
          "uuid": "c461bbd4-ffc0-4eb1-880d-54968f5ccd67",
          "body": "{\"message\": \"Change Success\"}",
          "latency": 0,
          "statusCode": 200,
          "label": "",
          "headers": [],
          "bodyType": "INLINE",
          "filePath": "",
          "databucketID": "",
          "sendFileAsBody": false,
          "rules": [],
          "rulesOperator": "OR",
          "disableTemplating": false,
          "fallbackTo404": false,
          "default": true,
          "crudKey": "id",
          "callbacks": []
        },
        {
          "uuid": "226ce864-968b-4d11-8a7b-c65537ce973b",
          "body": "{\"message\": \"Query somethings error\"}",
          "latency": 0,
          "statusCode": 401,
          "label": "Query somethings error",
          "headers": [],
          "bodyType": "INLINE",
          "filePath": "",
          "databucketID": "",
          "sendFileAsBody": false,
          "rules": [],
          "rulesOperator": "OR",
          "disableTemplating": false,
          "fallbackTo404": false,
          "default": false,
          "crudKey": "id",
          "callbacks": []
        }
      ],
      "responseMode": null
    },
    {
      "uuid": "29b62086-e934-459a-b887-98d4b786cb3e",
      "type": "http",
      "documentation": "",
      "method": "post",
      "endpoint": "api/user/logout",
      "responses": [
        {
          "uuid": "cd7100ed-7ef2-48a8-ab0f-85a17c2d6683",
          "body": "{\"message\": \"Change Success\"}",
          "latency": 0,
          "statusCode": 200,
          "label": "",
          "headers": [],
          "bodyType": "INLINE",
          "filePath": "",
          "databucketID": "",
          "sendFileAsBody": false,
          "rules": [],
          "rulesOperator": "OR",
          "disableTemplating": false,
          "fallbackTo404": false,
          "default": true,
          "crudKey": "id",
          "callbacks": []
        }
      ],
      "responseMode": null
    },
    {
      "uuid": "674aa241-2d92-4e3f-82bb-5bcfa3d45cdb",
      "type": "http",
      "documentation": "",
      "method": "get",
      "endpoint": "api/user/auth_list",
      "responses": [
        {
          "uuid": "a4bfbb90-d263-487d-9120-2d422ecaec60",
          "body": "[\r\n    {\r\n        \"id\": \"12\",\r\n        \"auth_name\": \"權限名稱1\"\r\n    },\r\n    {\r\n        \"id\": \"21\",\r\n        \"auth_name\": \"權限名稱2\"\r\n    },\r\n    {\r\n        \"id\": \"33\",\r\n        \"auth_name\": \"權限名稱3\"\r\n    }\r\n]",
          "latency": 0,
          "statusCode": 200,
          "label": "",
          "headers": [],
          "bodyType": "INLINE",
          "filePath": "",
          "databucketID": "",
          "sendFileAsBody": false,
          "rules": [],
          "rulesOperator": "OR",
          "disableTemplating": false,
          "fallbackTo404": false,
          "default": true,
          "crudKey": "id",
          "callbacks": []
        },
        {
          "uuid": "9f24bf55-488d-4706-bfb4-e50938dd41d3",
          "body": "{\"message\":\"Query somethings error\"}",
          "latency": 0,
          "statusCode": 401,
          "label": "",
          "headers": [],
          "bodyType": "INLINE",
          "filePath": "",
          "databucketID": "",
          "sendFileAsBody": false,
          "rules": [],
          "rulesOperator": "OR",
          "disableTemplating": false,
          "fallbackTo404": false,
          "default": false,
          "crudKey": "id",
          "callbacks": []
        },
        {
          "uuid": "72348dd4-d03f-4355-ac48-bee7ddff401e",
          "body": "{\"message\":\"Auth is error\"}",
          "latency": 0,
          "statusCode": 402,
          "label": "",
          "headers": [],
          "bodyType": "INLINE",
          "filePath": "",
          "databucketID": "",
          "sendFileAsBody": false,
          "rules": [],
          "rulesOperator": "OR",
          "disableTemplating": false,
          "fallbackTo404": false,
          "default": false,
          "crudKey": "id",
          "callbacks": []
        }
      ],
      "responseMode": null
    },
    {
      "uuid": "28561b42-dc24-4c9d-a9a4-84fc2491b800",
      "type": "http",
      "documentation": "",
      "method": "delete",
      "endpoint": "api/area/delete/:id",
      "responses": [
        {
          "uuid": "58df6fd5-289d-4a61-8612-c2126519dac7",
          "body": "{\"message\": \"Delete Success\"}",
          "latency": 0,
          "statusCode": 200,
          "label": "",
          "headers": [],
          "bodyType": "INLINE",
          "filePath": "",
          "databucketID": "",
          "sendFileAsBody": false,
          "rules": [],
          "rulesOperator": "OR",
          "disableTemplating": false,
          "fallbackTo404": false,
          "default": true,
          "crudKey": "id",
          "callbacks": []
        },
        {
          "uuid": "f5b77f9a-1484-47de-bcd8-5b27f3248f8b",
          "body": "{\"message\": \"Query somethings error\"}",
          "latency": 0,
          "statusCode": 401,
          "label": "Query somethings error",
          "headers": [],
          "bodyType": "INLINE",
          "filePath": "",
          "databucketID": "",
          "sendFileAsBody": false,
          "rules": [],
          "rulesOperator": "OR",
          "disableTemplating": false,
          "fallbackTo404": false,
          "default": false,
          "crudKey": "id",
          "callbacks": []
        },
        {
          "uuid": "dca5c490-a37d-4761-8de3-f5edc02b6d10",
          "body": "{\"message\": \"Auth is error\"}",
          "latency": 0,
          "statusCode": 402,
          "label": "",
          "headers": [],
          "bodyType": "INLINE",
          "filePath": "",
          "databucketID": "",
          "sendFileAsBody": false,
          "rules": [],
          "rulesOperator": "OR",
          "disableTemplating": false,
          "fallbackTo404": false,
          "default": false,
          "crudKey": "id",
          "callbacks": []
        },
        {
          "uuid": "63cd71ff-abdc-47a5-bc78-b1a8f7a65fde",
          "body": "{\"message\": \"Have Child Area\"}",
          "latency": 0,
          "statusCode": 403,
          "label": "",
          "headers": [],
          "bodyType": "INLINE",
          "filePath": "",
          "databucketID": "",
          "sendFileAsBody": false,
          "rules": [],
          "rulesOperator": "OR",
          "disableTemplating": false,
          "fallbackTo404": false,
          "default": false,
          "crudKey": "id",
          "callbacks": []
        }
      ],
      "responseMode": null
    },
    {
      "uuid": "bcea6659-e2b5-40f7-84e3-5473197fd5ab",
      "type": "http",
      "documentation": "",
      "method": "post",
      "endpoint": "api/area/create/point",
      "responses": [
        {
          "uuid": "cff08346-f279-41d3-bc72-f7a472ac5915",
          "body": "{\"message\": \"Create Success\"}",
          "latency": 0,
          "statusCode": 200,
          "label": "Create Success",
          "headers": [],
          "bodyType": "INLINE",
          "filePath": "",
          "databucketID": "",
          "sendFileAsBody": false,
          "rules": [],
          "rulesOperator": "OR",
          "disableTemplating": false,
          "fallbackTo404": false,
          "default": true,
          "crudKey": "id",
          "callbacks": []
        },
        {
          "uuid": "39de5046-3711-4e83-8274-46fe89881062",
          "body": "{\"message\": \"Query somethings error\"}",
          "latency": 0,
          "statusCode": 401,
          "label": "Query somethings error",
          "headers": [],
          "bodyType": "INLINE",
          "filePath": "",
          "databucketID": "",
          "sendFileAsBody": false,
          "rules": [],
          "rulesOperator": "OR",
          "disableTemplating": false,
          "fallbackTo404": false,
          "default": false,
          "crudKey": "id",
          "callbacks": []
        },
        {
          "uuid": "c595759e-87e3-45bd-939a-54af5d929713",
          "body": "{\"message\": \"Auth is error\"}",
          "latency": 0,
          "statusCode": 402,
          "label": "Auth is error",
          "headers": [],
          "bodyType": "INLINE",
          "filePath": "",
          "databucketID": "",
          "sendFileAsBody": false,
          "rules": [],
          "rulesOperator": "OR",
          "disableTemplating": false,
          "fallbackTo404": false,
          "default": false,
          "crudKey": "id",
          "callbacks": []
        },
        {
          "uuid": "33fdb689-64a8-4705-b90b-cc758d545521",
          "body": "{\"message\": \"Duplicate Name\"}",
          "latency": 0,
          "statusCode": 403,
          "label": "Duplicate Name",
          "headers": [],
          "bodyType": "INLINE",
          "filePath": "",
          "databucketID": "",
          "sendFileAsBody": false,
          "rules": [],
          "rulesOperator": "OR",
          "disableTemplating": false,
          "fallbackTo404": false,
          "default": false,
          "crudKey": "id",
          "callbacks": []
        }
      ],
      "responseMode": null
    },
    {
      "uuid": "289eaf65-508a-45ad-8f41-4501baad02ea",
      "type": "http",
      "documentation": "",
      "method": "post",
      "endpoint": "api/customer/day/:date",
      "responses": [
        {
          "uuid": "2d29249b-0f0b-4914-81f6-88a7eda22e64",
          "body": "[\r\n    {\r\n        \"order\": \"AAA41123\",\r\n        \"factory\": \"廠區名稱1\",\r\n        \"point\": \"區域名稱1\"\r\n    },\r\n    {\r\n        \"order\": \"AAA12313\",\r\n        \"factory\": \"廠區名稱2\",\r\n        \"point\": \"區域名稱1\"\r\n    },\r\n    {\r\n        \"order\": \"AAA12313\",\r\n        \"factory\": \"廠區名稱3\",\r\n        \"point\": \"區域名稱1\"\r\n    },\r\n    {\r\n        \"order\": \"AAA1233\",\r\n        \"factory\": \"廠區名稱4\",\r\n        \"point\": \"區域名稱1\"\r\n    },\r\n    {\r\n        \"order\": \"AAA1231\",\r\n        \"factory\": \"廠區名稱5\",\r\n        \"point\": \"區域名稱1\"\r\n    }\r\n]",
          "latency": 0,
          "statusCode": 200,
          "label": "Create Success",
          "headers": [],
          "bodyType": "INLINE",
          "filePath": "",
          "databucketID": "",
          "sendFileAsBody": false,
          "rules": [],
          "rulesOperator": "OR",
          "disableTemplating": false,
          "fallbackTo404": false,
          "default": true,
          "crudKey": "id",
          "callbacks": []
        },
        {
          "uuid": "3de61e90-dcbb-4bb8-b257-26f8953ea112",
          "body": "{\"message\": \"Query somethings error\"}",
          "latency": 0,
          "statusCode": 401,
          "label": "Query somethings error",
          "headers": [],
          "bodyType": "INLINE",
          "filePath": "",
          "databucketID": "",
          "sendFileAsBody": false,
          "rules": [],
          "rulesOperator": "OR",
          "disableTemplating": false,
          "fallbackTo404": false,
          "default": false,
          "crudKey": "id",
          "callbacks": []
        }
      ],
      "responseMode": null
    },
    {
      "uuid": "7a29a059-d0bf-4869-91b8-c35fbd47f130",
      "type": "http",
      "documentation": "",
      "method": "post",
      "endpoint": "api/customer/detail",
      "responses": [
        {
          "uuid": "fd41228a-ba5f-49f3-ae7b-19faa3bd8424",
          "body": "[\r\n    {\r\n        \"order\": \"AAA41123\",\r\n        \"factory\": \"廠區名稱1\",\r\n        \"point\": \"區域名稱1\"\r\n    },\r\n    {\r\n        \"order\": \"AAA12313\",\r\n        \"factory\": \"廠區名稱2\",\r\n        \"point\": \"區域名稱1\"\r\n    },\r\n    {\r\n        \"order\": \"AAA12313\",\r\n        \"factory\": \"廠區名稱3\",\r\n        \"point\": \"區域名稱1\"\r\n    },\r\n    {\r\n        \"order\": \"AAA1233\",\r\n        \"factory\": \"廠區名稱4\",\r\n        \"point\": \"區域名稱1\"\r\n    },\r\n    {\r\n        \"order\": \"AAA1231\",\r\n        \"factory\": \"廠區名稱5\",\r\n        \"point\": \"區域名稱1\"\r\n    }\r\n]",
          "latency": 0,
          "statusCode": 200,
          "label": "Create Success",
          "headers": [],
          "bodyType": "INLINE",
          "filePath": "",
          "databucketID": "",
          "sendFileAsBody": false,
          "rules": [],
          "rulesOperator": "OR",
          "disableTemplating": false,
          "fallbackTo404": false,
          "default": true,
          "crudKey": "id",
          "callbacks": []
        },
        {
          "uuid": "ab26c922-e208-4461-aea2-275dce143de7",
          "body": "{\"message\": \"Query somethings error\"}",
          "latency": 0,
          "statusCode": 401,
          "label": "Query somethings error",
          "headers": [],
          "bodyType": "INLINE",
          "filePath": "",
          "databucketID": "",
          "sendFileAsBody": false,
          "rules": [],
          "rulesOperator": "OR",
          "disableTemplating": false,
          "fallbackTo404": false,
          "default": false,
          "crudKey": "id",
          "callbacks": []
        }
      ],
      "responseMode": null
    },
    {
      "uuid": "c0948610-8d55-49ee-81b3-b3b8ccc847a5",
      "type": "http",
      "documentation": "",
      "method": "post",
      "endpoint": "api/customer/create",
      "responses": [
        {
          "uuid": "42c6159b-71b0-4692-9f48-84aaad856c75",
          "body": "{\"message\":\"Create Success\"}",
          "latency": 0,
          "statusCode": 200,
          "label": "Create Success",
          "headers": [],
          "bodyType": "INLINE",
          "filePath": "",
          "databucketID": "",
          "sendFileAsBody": false,
          "rules": [],
          "rulesOperator": "OR",
          "disableTemplating": false,
          "fallbackTo404": false,
          "default": true,
          "crudKey": "id",
          "callbacks": []
        },
        {
          "uuid": "a215aaaf-b620-4d1a-ad22-7739bd0007ef",
          "body": "{\"message\": \"Query somethings error\"}",
          "latency": 0,
          "statusCode": 401,
          "label": "Query somethings error",
          "headers": [],
          "bodyType": "INLINE",
          "filePath": "",
          "databucketID": "",
          "sendFileAsBody": false,
          "rules": [],
          "rulesOperator": "OR",
          "disableTemplating": false,
          "fallbackTo404": false,
          "default": false,
          "crudKey": "id",
          "callbacks": []
        },
        {
          "uuid": "e9545bc3-25fb-4542-a03c-19dbc8308d7a",
          "body": "{\"message\":\"Meal list is empty or wrong meal type or price\"}",
          "latency": 0,
          "statusCode": 403,
          "label": "Meal list is empty or wrong meal type or price",
          "headers": [],
          "bodyType": "INLINE",
          "filePath": "",
          "databucketID": "",
          "sendFileAsBody": false,
          "rules": [],
          "rulesOperator": "OR",
          "disableTemplating": false,
          "fallbackTo404": false,
          "default": false,
          "crudKey": "id",
          "callbacks": []
        }
      ],
      "responseMode": null
    },
    {
      "uuid": "0f12a559-e8b1-4146-b046-9b713d0e6378",
      "type": "http",
      "documentation": "",
      "method": "post",
      "endpoint": "api/customer/cancel/:id",
      "responses": [
        {
          "uuid": "87b6c29c-d91f-4b17-b9f5-d7374e93ced0",
          "body": "{\"message\":\"Cancel order success\"}",
          "latency": 0,
          "statusCode": 200,
          "label": "Create Success",
          "headers": [],
          "bodyType": "INLINE",
          "filePath": "",
          "databucketID": "",
          "sendFileAsBody": false,
          "rules": [],
          "rulesOperator": "OR",
          "disableTemplating": false,
          "fallbackTo404": false,
          "default": true,
          "crudKey": "id",
          "callbacks": []
        },
        {
          "uuid": "d11a7451-a510-4259-a7a0-e5571a46838a",
          "body": "{\"message\": \"Query somethings error\"}",
          "latency": 0,
          "statusCode": 401,
          "label": "Query somethings error",
          "headers": [],
          "bodyType": "INLINE",
          "filePath": "",
          "databucketID": "",
          "sendFileAsBody": false,
          "rules": [],
          "rulesOperator": "OR",
          "disableTemplating": false,
          "fallbackTo404": false,
          "default": false,
          "crudKey": "id",
          "callbacks": []
        },
        {
          "uuid": "323235a3-aedb-4019-893f-9847dae6094a",
          "body": "{\"message\":\"Order completed\"}",
          "latency": 0,
          "statusCode": 403,
          "label": "Order completed",
          "headers": [],
          "bodyType": "INLINE",
          "filePath": "",
          "databucketID": "",
          "sendFileAsBody": false,
          "rules": [],
          "rulesOperator": "OR",
          "disableTemplating": false,
          "fallbackTo404": false,
          "default": false,
          "crudKey": "id",
          "callbacks": []
        }
      ],
      "responseMode": null
    }
  ],
  "rootChildren": [
    {
      "type": "route",
      "uuid": "238615b6-a105-4378-b1a1-a00481b2dd93"
    },
    {
      "type": "route",
      "uuid": "50bdb2d5-0329-4e61-8af6-aa00f512f21b"
    },
    {
      "type": "route",
      "uuid": "4b67b537-bf18-400f-8a1d-41ad77720cd1"
    },
    {
      "type": "route",
      "uuid": "1e6e9f55-e5a9-4a82-9fae-7edac9b3ec6f"
    },
    {
      "type": "route",
      "uuid": "0d2162b4-001f-460e-adc7-c511539eb6b0"
    },
    {
      "type": "route",
      "uuid": "e79de7e7-6cd0-42c7-a20c-0aa19bc9d2b9"
    },
    {
      "type": "route",
      "uuid": "640c1dc0-9f82-4b14-94c7-52a4f70abf14"
    },
    {
      "type": "route",
      "uuid": "215dfef8-c242-43aa-8646-ddbeca677383"
    },
    {
      "type": "route",
      "uuid": "29b62086-e934-459a-b887-98d4b786cb3e"
    },
    {
      "type": "route",
      "uuid": "674aa241-2d92-4e3f-82bb-5bcfa3d45cdb"
    },
    {
      "type": "route",
      "uuid": "40e4c085-0d91-4fb3-892a-b456b6dd87df"
    },
    {
      "type": "route",
      "uuid": "28561b42-dc24-4c9d-a9a4-84fc2491b800"
    },
    {
      "type": "route",
      "uuid": "3685fb9d-f6d8-4983-9632-4b871f0fba63"
    },
    {
      "type": "route",
      "uuid": "bcea6659-e2b5-40f7-84e3-5473197fd5ab"
    },
    {
      "type": "route",
      "uuid": "289eaf65-508a-45ad-8f41-4501baad02ea"
    },
    {
      "type": "route",
      "uuid": "7a29a059-d0bf-4869-91b8-c35fbd47f130"
    },
    {
      "type": "route",
      "uuid": "c0948610-8d55-49ee-81b3-b3b8ccc847a5"
    },
    {
      "type": "route",
      "uuid": "0f12a559-e8b1-4146-b046-9b713d0e6378"
    },
    {
      "type": "route",
      "uuid": "97dc98dc-dabc-4022-ad51-d0d0b460714d"
    },
    {
      "type": "route",
      "uuid": "68d1866b-a9f4-4683-8b07-eb0a627171fc"
    },
    {
      "type": "route",
      "uuid": "012c6723-52f2-4e1e-9804-5d4d9c7b076d"
    },
    {
      "type": "route",
      "uuid": "6f0deeb7-7bc3-474d-b5f2-4f1d132efc45"
    },
    {
      "type": "route",
      "uuid": "e78507fa-b359-4a9a-907e-30e371b9daf2"
    },
    {
      "type": "route",
      "uuid": "efd3cff9-19cc-4186-b888-face315d7160"
    },
    {
      "type": "route",
      "uuid": "72e557a1-9ea9-4a41-bf78-77bd016b8174"
    },
    {
      "type": "route",
      "uuid": "4b5dd4f9-3e16-4b33-b42c-e45b6de61cc9"
    },
    {
      "type": "route",
      "uuid": "06cc1eb9-11a2-4f3e-bdf8-19ede4a58491"
    },
    {
      "type": "route",
      "uuid": "2f00047e-fc0d-4a8a-9737-9b0c3702f3fb"
    },
    {
      "type": "route",
      "uuid": "16289679-a2b1-4e8e-9e02-8342e1288327"
    },
    {
      "type": "route",
      "uuid": "14414cb9-c7cc-48a3-b461-e5c4adde19b9"
    }
  ],
  "proxyMode": false,
  "proxyHost": "",
  "proxyRemovePrefix": false,
  "tlsOptions": {
    "enabled": false,
    "type": "CERT",
    "pfxPath": "",
    "certPath": "",
    "keyPath": "",
    "caPath": "",
    "passphrase": ""
  },
  "cors": true,
  "headers": [
    {
      "key": "Content-Type",
      "value": "application/json"
    },
    {
      "key": "Access-Control-Allow-Origin",
      "value": "*"
    },
    {
      "key": "Access-Control-Allow-Methods",
      "value": "GET,POST,PUT,PATCH,DELETE,HEAD,OPTIONS"
    },
    {
      "key": "Access-Control-Allow-Headers",
      "value": "Content-Type, Origin, Accept, Authorization, Content-Length, X-Requested-With"
    }
  ],
  "proxyReqHeaders": [
    {
      "key": "",
      "value": ""
    }
  ],
  "proxyResHeaders": [
    {
      "key": "",
      "value": ""
    }
  ],
  "data": [
    {
      "uuid": "8f5ec6d9-1a38-45b0-bbe2-4da3b6725692",
      "id": "10cz",
      "name": "Users",
      "documentation": "",
      "value": "[\n  {{#repeat 50}}\n  {\n    \"id\": \"{{faker 'string.uuid'}}\",\n    \"username\": \"{{faker 'internet.userName'}}\"\n  }\n  {{/repeat}}\n]"
    }
  ],
  "callbacks": []
}