{
  "uuid": "f300996b-d275-48e9-b8c0-1ac0cba6a203",
  "lastMigration": 32,
  "name": "Demo API",
  "endpointPrefix": "",
  "latency": 0,
  "port": 3000,
  "hostname": "",
  "folders": [],
  "routes": [
    {
      "uuid": "4dc69d35-4ac2-4c2f-bd5e-694c88dc090a",
      "type": "http",
      "documentation": "Global rules",
      "method": "all",
      "endpoint": "*",
      "responses": [
        {
          "uuid": "00832626-9a52-4848-8379-56f536a8e7e7",
          "body": "{\n  \"error\": \"Unauthorized\"\n}",
          "latency": 0,
          "statusCode": 401,
          "label": "Requires the presence of an 'Authorization' header",
          "headers": [],
          "bodyType": "INLINE",
          "filePath": "",
          "databucketID": "",
          "sendFileAsBody": false,
          "rules": [
            {
              "target": "header",
              "modifier": "Authorization",
              "operator": "null",
              "invert": false,
              "value": ""
            }
          ],
          "rulesOperator": "OR",
          "disableTemplating": false,
          "fallbackTo404": false,
          "default": false,
          "crudKey": "id",
          "callbacks": []
        }
      ],
      "responseMode": "FALLBACK"
    },
    {
      "uuid": "504e062a-2fea-4ab5-9679-4bfc2cbecf8c",
      "type": "crud",
      "documentation": "Endpoint performing CRUD operations on a data bucket",
      "method": "",
      "endpoint": "users",
      "responses": [
        {
          "uuid": "7f729af5-9726-4d0f-8460-05c98b399bb7",
          "body": "{}",
          "latency": 0,
          "statusCode": 200,
          "label": "",
          "headers": [],
          "bodyType": "DATABUCKET",
          "filePath": "",
          "databucketID": "5dt3",
          "sendFileAsBody": false,
          "rules": [],
          "rulesOperator": "OR",
          "disableTemplating": false,
          "fallbackTo404": false,
          "default": true,
          "crudKey": "id",
          "callbacks": []
        }
      ],
      "responseMode": null
    },
    {
      "uuid": "d06d93cc-69be-4129-a6e8-b4a5dec590af",
      "type": "http",
      "documentation": "Generate random body (JSON, text, CSV, etc) with templating",
      "method": "get",
      "endpoint": "template",
      "responses": [
        {
          "uuid": "91cff5ae-7a57-4782-a143-100a041e0107",
          "body": "{\n  \"Templating example\": \"For more information about templating, click the blue 'i' above this editor\",\n  \"users\": [\n    {{# repeat (queryParam 'total' '10') }}\n      {\n        \"userId\": \"{{ faker 'number.int' min=10000 max=100000 }}\",\n        \"firstname\": \"{{ faker 'person.firstName' }}\",\n        \"lastname\": \"{{ faker 'person.lastName' }}\",\n        \"friends\": [\n          {{# repeat (faker 'number.int' 5) }}\n            {\n              \"id\": \"{{ faker 'string.uuid' }}\"\n            }\n          {{/ repeat }}\n        ]\n      },\n    {{/ repeat }}\n  ],\n  \"total\": \"{{queryParam 'total' '10'}}\"\n}",
          "latency": 0,
          "statusCode": 200,
          "label": "Creates 10 random users, or the amount specified in the 'total' query param",
          "headers": [],
          "bodyType": "INLINE",
          "filePath": "",
          "databucketID": "",
          "sendFileAsBody": false,
          "rules": [],
          "rulesOperator": "OR",
          "disableTemplating": false,
          "fallbackTo404": false,
          "default": false,
          "crudKey": "id",
          "callbacks": []
        }
      ],
      "responseMode": null
    },
    {
      "uuid": "96159837-e9ea-436b-9ce7-9800825f1c44",
      "type": "http",
      "documentation": "Use multiple responses with rules",
      "method": "post",
      "endpoint": "content/:param1",
      "responses": [
        {
          "uuid": "55d0b076-84c6-4c8c-af34-1368ed087605",
          "body": "{\n  \"Rules example\": \"Default response. Served if route param 'param1' is not present.\"\n}",
          "latency": 0,
          "statusCode": 200,
          "label": "Default response",
          "headers": [],
          "bodyType": "INLINE",
          "filePath": "",
          "databucketID": "",
          "sendFileAsBody": false,
          "rules": [],
          "rulesOperator": "OR",
          "disableTemplating": false,
          "fallbackTo404": false,
          "default": false,
          "crudKey": "id",
          "callbacks": []
        },
        {
          "uuid": "0310d9d4-7b0a-4174-99ae-b0e115e8f06e",
          "body": "{\n  \"Rules example\": \"Content XYZ. Served if route param 'param1' equals 'xyz'. (See in 'Rules' tab)\"\n}",
          "latency": 0,
          "statusCode": 200,
          "label": "Content XYZ",
          "headers": [],
          "bodyType": "INLINE",
          "filePath": "",
          "databucketID": "",
          "sendFileAsBody": false,
          "rules": [
            {
              "target": "params",
              "modifier": "param1",
              "value": "xyz",
              "invert": false,
              "operator": "equals"
            }
          ],
          "rulesOperator": "OR",
          "disableTemplating": false,
          "fallbackTo404": false,
          "default": false,
          "crudKey": "id",
          "callbacks": []
        },
        {
          "uuid": "f3e8ad41-f399-4f6d-84bf-92d17e2542c3",
          "body": "{\n  \"Rules example\": \"Content not found. Served if route param 'param1' is not equal to 'xyz'. (See in 'Rules' tab)\"\n}\n",
          "latency": 0,
          "statusCode": 404,
          "label": "Content not found",
          "headers": [],
          "bodyType": "INLINE",
          "filePath": "",
          "databucketID": "",
          "sendFileAsBody": false,
          "rules": [
            {
              "target": "params",
              "modifier": "param1",
              "value": "^(?!.*xyz).*$",
              "invert": false,
              "operator": "regex"
            }
          ],
          "rulesOperator": "OR",
          "disableTemplating": false,
          "fallbackTo404": false,
          "default": false,
          "crudKey": "id",
          "callbacks": []
        }
      ],
      "responseMode": null
    },
    {
      "uuid": "a910c764-8ead-401d-92a6-1e21e3d031a4",
      "type": "http",
      "documentation": "Serve a file dynamically depending on the path param 'pageName'.",
      "method": "get",
      "endpoint": "file/:pageName",
      "responses": [
        {
          "uuid": "6eb7dfed-68bc-486a-b606-4087f7b342fb",
          "body": "",
          "latency": 0,
          "statusCode": 200,
          "label": "Templating is also supported in file path",
          "headers": [
            {
              "key": "Content-Type",
              "value": "text/html"
            }
          ],
          "bodyType": "INLINE",
          "filePath": "./page{{urlParam 'pageName'}}.html",
          "databucketID": "",
          "sendFileAsBody": false,
          "rules": [],
          "rulesOperator": "OR",
          "disableTemplating": false,
          "fallbackTo404": false,
          "default": false,
          "crudKey": "id",
          "callbacks": []
        }
      ],
      "responseMode": null
    },
    {
      "uuid": "69274dd8-3b3c-44f3-bde3-f32b158f16be",
      "type": "http",
      "documentation": "Path supports various patterns",
      "method": "put",
      "endpoint": "path/with/pattern(s)?/*",
      "responses": [
        {
          "uuid": "2b97cb7c-f313-4235-a1fc-b047618ad35d",
          "body": "The current path will match the following routes: \nhttp://localhost:3000/path/with/pattern/\nhttp://localhost:3000/path/with/patterns/\nhttp://localhost:3000/path/with/patterns/anything-else\n\nLearn more about Mockoon's routing: https://mockoon.com/docs/latest/api-endpoints/routing/",
          "latency": 0,
          "statusCode": 200,
          "label": "",
          "headers": [
            {
              "key": "Content-Type",
              "value": "text/plain"
            }
          ],
          "bodyType": "INLINE",
          "filePath": "",
          "databucketID": "",
          "sendFileAsBody": false,
          "rules": [],
          "rulesOperator": "OR",
          "disableTemplating": false,
          "fallbackTo404": false,
          "default": false,
          "crudKey": "id",
          "callbacks": []
        }
      ],
      "responseMode": null
    },
    {
      "uuid": "d0134641-d258-4ec1-b127-568af536fc9d",
      "type": "http",
      "documentation": "Can Mockoon forward or record entering requests?",
      "method": "get",
      "endpoint": "forward-and-record",
      "responses": [
        {
          "uuid": "ae76c2d1-f689-496f-adeb-053fa92d9350",
          "body": "Mockoon can also act as a proxy and forward all entering requests that are not caught by declared routes. \nYou can activate this option in the environment settings ('cog' icon in the upper right corner). \nTo learn more: https://mockoon.com/docs/latest/server-configuration/proxy-mode/\n\nAs always, all entering requests, and responses from the proxied server will be recorded ('clock' icon in the upper right corner).\nTo learn more: https://mockoon.com/docs/latest/logging-and-recording/requests-logging/",
          "latency": 0,
          "statusCode": 200,
          "label": "",
          "headers": [
            {
              "key": "Content-Type",
              "value": "text/plain"
            }
          ],
          "bodyType": "INLINE",
          "filePath": "",
          "databucketID": "",
          "sendFileAsBody": false,
          "rules": [],
          "rulesOperator": "OR",
          "disableTemplating": false,
          "fallbackTo404": false,
          "default": false,
          "crudKey": "id",
          "callbacks": []
        }
      ],
      "responseMode": null
    }
  ],
  "rootChildren": [
    {
      "type": "route",
      "uuid": "4dc69d35-4ac2-4c2f-bd5e-694c88dc090a"
    },
    {
      "type": "route",
      "uuid": "504e062a-2fea-4ab5-9679-4bfc2cbecf8c"
    },
    {
      "type": "route",
      "uuid": "d06d93cc-69be-4129-a6e8-b4a5dec590af"
    },
    {
      "type": "route",
      "uuid": "96159837-e9ea-436b-9ce7-9800825f1c44"
    },
    {
      "type": "route",
      "uuid": "a910c764-8ead-401d-92a6-1e21e3d031a4"
    },
    {
      "type": "route",
      "uuid": "69274dd8-3b3c-44f3-bde3-f32b158f16be"
    },
    {
      "type": "route",
      "uuid": "d0134641-d258-4ec1-b127-568af536fc9d"
    }
  ],
  "proxyMode": false,
  "proxyHost": "",
  "proxyRemovePrefix": false,
  "tlsOptions": {
    "enabled": false,
    "type": "CERT",
    "pfxPath": "",
    "certPath": "",
    "keyPath": "",
    "caPath": "",
    "passphrase": ""
  },
  "cors": true,
  "headers": [
    {
      "key": "Content-Type",
      "value": "application/json"
    }
  ],
  "proxyReqHeaders": [
    {
      "key": "",
      "value": ""
    }
  ],
  "proxyResHeaders": [
    {
      "key": "",
      "value": ""
    }
  ],
  "data": [
    {
      "uuid": "c9a4a268-6ff8-4a81-97e9-f7d5d7bc8488",
      "id": "5dt3",
      "name": "Users",
      "documentation": "",
      "value": "[\n  {{#repeat 50}}\n  {\n    \"id\": \"{{faker 'string.uuid'}}\",\n    \"username\": \"{{faker 'internet.userName'}}\"\n  }\n  {{/repeat}}\n]"
    }
  ],
  "callbacks": []
}